[{"errorMsg":"Element #customerID doesn't exists to click."},{"errorMsg":"Element #customerForm doesn't exists to click."},{"errorMsg":"Element #customerID doesn't exists to click."},{"errorMsg":"Element #customerForm doesn't exists to click."},{"errorMsg":"Element #customerID doesn't exists to click."},{"errorMsg":"Element #customerForm doesn't exists to click."},{"errorMsg":"Element #accNum doesn't exists to click."},{"errorMsg":"Element #customerForm doesn't exists to click."},{"errorMsg":"Element #accNum doesn't exists to click."},{"errorMsg":"Element #customerForm doesn't exists to click."},{"errorMsg":"Element #accNum doesn't exists to click."},{"errorMsg":"Element #customerForm doesn't exists to click."},{"errorMsg":"Element #customerName doesn't exists to click."},{"errorMsg":"Element #customerForm doesn't exists to click."},{"errorMsg":"Element #customerName doesn't exists to click."},{"errorMsg":"Element #customerForm doesn't exists to click."},{"errorMsg":"Element #customerName doesn't exists to click."},{"errorMsg":"Element #customerForm doesn't exists to click."},{"errorMsg":"Element #accBal doesn't exists to click."},{"errorMsg":"Element #customerForm doesn't exists to click."},{"errorMsg":"Element #accBal doesn't exists to click."},{"errorMsg":"Element #customerForm doesn't exists to click."},{"errorMsg":"Element #accBal doesn't exists to click."},{"errorMsg":"Element #customerForm doesn't exists to click."},{"errorMsg":"Element #accBal doesn't exists to click."},{"errorMsg":"Element #customerForm doesn't exists to click."},{"errorMsg":"Element #customerID doesn't exists to click."},{"errorMsg":"Element #accNum doesn't exists to click."},{"errorMsg":"Element #customerName doesn't exists to click."},{"errorMsg":"Element #accBal doesn't exists to click."},{"errorMsg":"Element #customerForm doesn't exists to click."},{"errorMsg":"Element #redirect doesn't exists to click."},{"errorMsg":"Element with selector: #customerSelect not found."},{"errorMsg":"Element #accNum doesn't exists to click."},{"errorMsg":"Element #customerName doesn't exists to click."},{"errorMsg":"Element #accBal doesn't exists to click."},{"errorMsg":"Element #customerForm doesn't exists to click."},{"errorMsg":"Element #redirect doesn't exists to click."},{"errorMsg":"Element with selector: #customerSelect not found."},{"errorMsg":"Element #amount doesn't exists to click."},{"errorMsg":"Element #checkTransaction doesn't exists to click."},{"errorMsg":"Element with selector: #customerSelect not found."},{"errorMsg":"Element #checkTransaction doesn't exists to click."},{"errorMsg":"Element #amount doesn't exists to click."},{"errorMsg":"Element #checkTransaction doesn't exists to click."},{"errorMsg":"Element #checkTransaction doesn't exists to click."},{"errorMsg":"Element #checkTransaction doesn't exists to click."},{"errorMsg":"Element #checkTransaction doesn't exists to click."}]