[{"action":"Check CustomerID validation","message":"Element with selector #IDerr does not exists"},{"action":"Check CustomerID validation entering character","message":"Element with selector #IDerr does not exists"},{"action":"Check CustomerID validation entring special character","message":"Element with selector #IDerr does not exists"},{"action":"Check Account Number validation","message":"Element with selector #accErr does not exists"},{"action":"Check Account Number validation entering character","message":"Element with selector #accErr does not exists"},{"action":"Check Account Number validation entering special and number","message":"Element with selector #accErr does not exists"},{"action":"Check Customer Name validation","message":"Element with selector #NameErr does not exists"},{"action":"Check Customer Name validation entering numbers","message":"Element with selector #NameErr does not exists"},{"action":"Check Customer Name validation entering special character","message":"Element with selector #NameErr does not exists"},{"action":"Check Account balance validation","message":"Element with selector #balErr does not exists"},{"action":"Check Account balance validation entering character ","message":"Element with selector #balErr does not exists"},{"action":"Check Account balance validation entering lower number","message":"Element with selector #balErr does not exists"},{"action":"Check Account balance validation entering none values","message":"Element with selector #balErr does not exists"},{"action":"Entering Second values and testing it","message":"Element with selector #accBalP does not exists"},{"action":"Entering Second values and testing it","message":"Element with selector #accountFundError does not exists"},{"action":"Checking name after selecting Customer ID","message":"Element with selector #savingAccName does not exists"},{"action":"Checking Account Number after selecting Customer ID","message":"Element with selector #savingAccountNumber does not exists"},{"action":"checking checkbox validation","message":"Element with selector #transactionErr does not exists"},{"action":"checking Amount Input validation","message":"Element with selector #amountErr does not exists"},{"action":"Check Total balance","message":"Element with selector #accBalP does not exists"},{"action":"Check Total after deposit balance","message":"Element with selector #accBalP does not exists"},{"action":"Check Total after withdraw balance","message":"Element with selector #accBalP does not exists"},{"action":"Checking Insufficient funds","message":"Element with selector #accBalP does not exists"}]