[{"action":"Compute Test Case 1","message":"Values: [7,6300,1234567890,B001] does not exists"},{"action":"Compute Test Case 2","message":"Values: [7,4500,1234567890,B001] does not exists"},{"action":"Compute Test Case 3","message":"Values: [7,9000,1234567890,B001] does not exists"},{"action":"Compute Test Case 4","message":"Values: [7,12500,1234567890,B001] does not exists"},{"action":"Compute Test Case 5","message":"Values: [7,16500,1234567890,B001] does not exists"},{"action":"Display Method Test Cases","message":"Values: [7,6300,1234567890,B001] does not exists"},{"action":"Display multiple rental transactions","message":"Values: [7,8,6300,7200,1234567890,1234567891,B001,B002] does not exists"},{"action":"Display with bno empty Field","message":"Values: [bno can not be blank] does not exists"},{"action":"Display with days empty Field","message":"Values: [days can not be blank] does not exists"}]