{
    "data": [
        {
            "ID": 1,
            "Name": "John Doe",
            "Address": "123 Main St",
            "State": "California",
            "City": "Los Angeles"
        },
        {
            "ID": 2,
            "Name": "Jane Smith",
            "Address": "456 Elm St",
            "State": "New York",
            "City": "New York City"
        },
        {
            "ID": 3,
            "Name": "Alice Johnson",
            "Address": "789 Oak St",
            "State": "Texas",
            "City": "Houston"
        }
    ]
}